Fold,RMSE
1,9.946374870225247
2,24.456473576981168
3,5.0477837594619155
4,18.32049965818173
5,25.33422141568477
Mean,16.621070656106966
Std Dev,7.98364738012384
